image_name,xmin,ymin,xmax,ymax,class_id
00001.ppm,983,388,1024,432,41
00001.ppm,386,494,442,552,39
00001.ppm,973,335,1031,390,14
00003.ppm,742,443,765,466,5
00003.ppm,742,466,764,489,10
00003.ppm,737,412,769,443,22
00006.ppm,926,350,989,414,3
00008.ppm,785,460,811,486,3
00008.ppm,779,424,816,461,13
00009.ppm,925,466,949,490,5
00010.ppm,1193,358,1269,436,13
00011.ppm,720,338,770,398,2
00011.ppm,710,265,780,342,22
00013.ppm,1043,281,1120,356,3
00015.ppm,770,426,808,462,26
00017.ppm,908,302,1031,408,31
00017.ppm,575,495,598,515,12
00019.ppm,838,366,896,422,13
00019.ppm,845,423,888,465,3
00023.ppm,998,292,1074,371,2
00023.ppm,46,350,136,444,24
00023.ppm,945,435,1006,492,24
00025.ppm,731,422,772,459,14
00025.ppm,734,463,767,497,41
00027.ppm,969,386,1024,441,3
00027.ppm,102,375,157,430,3
00028.ppm,775,399,833,453,26
00028.ppm,391,468,417,494,36
00029.ppm,1091,393,1133,436,16
00030.ppm,394,511,420,537,39
00031.ppm,763,426,812,473,26
00031.ppm,597,456,628,488,13
00032.ppm,678,443,707,469,14
00032.ppm,683,469,703,493,34
00033.ppm,22,505,88,571,39
00035.ppm,264,475,302,514,39
00035.ppm,678,439,714,474,14
00036.ppm,1133,393,1164,424,13
00036.ppm,1138,424,1163,450,36
00037.ppm,668,527,690,548,39
00038.ppm,1120,444,1142,464,13
00039.ppm,938,167,1022,251,13
00039.ppm,953,252,1015,313,36
00040.ppm,1040,310,1130,400,34
00040.ppm,1017,202,1141,313,14
00041.ppm,997,484,1031,517,39
00043.ppm,1036,296,1097,357,13
00043.ppm,1047,357,1092,402,37
00043.ppm,110,444,143,480,36
00045.ppm,178,504,240,597,39
00046.ppm,1045,126,1166,247,13
00047.ppm,553,462,579,488,27
00048.ppm,780,443,811,474,41
00048.ppm,771,405,815,443,14
00048.ppm,341,523,380,562,39
00050.ppm,946,373,967,400,35
00050.ppm,941,339,972,372,14
00051.ppm,968,218,1037,287,13
00052.ppm,833,352,870,389,37
00052.ppm,829,281,879,331,13
00053.ppm,1156,333,1196,372,16
00053.ppm,766,438,799,471,36
00054.ppm,1113,436,1152,473,28
00054.ppm,1117,473,1146,502,1
00054.ppm,974,442,999,467,13
00054.ppm,456,520,476,540,39
00056.ppm,729,436,760,467,2
00057.ppm,990,418,1036,467,2
00058.ppm,786,394,824,435,13
00059.ppm,793,400,854,461,13
00060.ppm,296,508,323,535,39
00060.ppm,819,441,842,464,3
00061.ppm,1224,333,1285,394,3
00062.ppm,826,469,848,492,13
00063.ppm,815,499,837,521,10
00065.ppm,973,377,1022,427,10
00066.ppm,569,483,618,535,39
00067.ppm,949,435,979,465,10
00071.ppm,788,437,828,473,25
00071.ppm,794,474,822,502,2
00071.ppm,794,503,821,529,10
00073.ppm,723,431,752,457,24
00073.ppm,727,457,748,477,3
00073.ppm,727,476,749,497,10
00073.ppm,425,428,456,455,24
00073.ppm,430,453,452,475,3
00073.ppm,432,475,452,495,10
00074.ppm,383,527,421,569,39
00074.ppm,439,401,488,452,15
00074.ppm,929,378,981,431,15
00075.ppm,1120,350,1187,409,24
00075.ppm,1131,409,1179,456,5
00076.ppm,784,440,819,472,22
00076.ppm,789,471,815,495,3
00077.ppm,951,348,1015,408,21
00077.ppm,962,408,1011,455,10
00078.ppm,1211,206,1319,305,30
00078.ppm,800,462,821,483,14
00079.ppm,762,459,792,489,12
00080.ppm,829,381,880,432,10
00081.ppm,966,228,1044,299,14
00081.ppm,233,499,249,521,39
00082.ppm,247,492,331,580,39
00083.ppm,1054,208,1152,296,14
00083.ppm,1071,297,1142,368,41
00084.ppm,707,523,734,551,39
00085.ppm,846,429,875,458,2
00086.ppm,944,298,1007,361,13
00088.ppm,956,464,982,490,11
00088.ppm,410,464,436,490,11
00088.ppm,412,440,436,464,9
00088.ppm,956,440,981,464,9
00091.ppm,509,382,553,422,14
00092.ppm,718,440,739,462,14
00092.ppm,420,419,447,446,13
00092.ppm,423,449,444,470,36
00094.ppm,946,370,995,419,17
00094.ppm,113,316,189,392,17
00095.ppm,698,461,719,481,2
00095.ppm,695,437,723,461,20
00097.ppm,1125,338,1168,378,14
00097.ppm,288,328,334,368,14
00097.ppm,148,446,196,499,39
00100.ppm,413,507,451,541,31
00100.ppm,863,505,902,540,31
00102.ppm,933,314,990,365,14
00102.ppm,945,374,984,415,35
00103.ppm,855,396,890,431,37
00103.ppm,847,349,897,397,13
00104.ppm,767,462,808,499,26
00104.ppm,695,461,730,492,14
00105.ppm,256,438,303,484,19
00105.ppm,958,378,1024,440,27
00106.ppm,902,369,985,443,26
00107.ppm,486,485,540,537,26
00107.ppm,490,536,529,576,2
00109.ppm,990,484,1020,513,4
00110.ppm,929,489,954,513,10
00111.ppm,1091,465,1123,497,4
00111.ppm,350,503,382,535,4
00114.ppm,1169,421,1231,484,4
00115.ppm,850,218,950,317,15
00115.ppm,330,523,351,545,39
00116.ppm,1078,254,1136,312,36
00116.ppm,383,473,400,502,18
00117.ppm,99,425,131,466,18
00117.ppm,438,500,496,558,39
00118.ppm,229,505,285,564,39
00119.ppm,847,472,873,496,24
00119.ppm,1082,393,1120,431,13
00121.ppm,91,308,185,416,8
00122.ppm,883,498,904,520,8
00124.ppm,532,481,558,507,5
00124.ppm,976,470,1002,496,5
00125.ppm,1019,313,1106,401,3
00126.ppm,840,374,868,404,3
00126.ppm,379,365,411,396,3
00127.ppm,138,385,175,423,6
00127.ppm,1009,380,1046,417,6
00128.ppm,1147,397,1180,431,13
00129.ppm,962,379,1008,426,10
00129.ppm,866,399,905,439,27
00130.ppm,209,426,236,453,2
00130.ppm,601,431,626,456,2
00130.ppm,318,439,345,467,19
00131.ppm,1010,430,1034,455,10
00131.ppm,474,389,500,415,2
00133.ppm,839,408,861,432,13
00133.ppm,841,432,858,450,37
00133.ppm,505,415,522,432,36
00134.ppm,1008,299,1073,365,2
00135.ppm,718,298,777,356,2
00136.ppm,816,401,857,437,12
00137.ppm,824,324,892,384,12
00138.ppm,157,179,235,268,16
00138.ppm,1302,399,1336,432,16
00141.ppm,857,379,894,416,3
00142.ppm,816,454,835,473,3
00143.ppm,241,187,310,256,13
00146.ppm,1205,122,1327,246,42
00146.ppm,707,404,732,426,29
00146.ppm,711,427,729,445,3
00149.ppm,1131,274,1221,361,5
00149.ppm,1110,158,1231,273,13
00149.ppm,703,461,725,483,13
00150.ppm,824,345,865,386,3
00151.ppm,794,372,824,401,2
00152.ppm,605,424,627,447,13
00154.ppm,692,410,717,436,36
00155.ppm,425,386,468,431,39
00156.ppm,819,388,848,417,10
00157.ppm,262,423,297,460,10
00157.ppm,885,392,926,432,10
00157.ppm,650,505,671,526,39
00159.ppm,974,443,1031,506,40
00159.ppm,713,476,740,503,40
00159.ppm,86,473,117,504,39
00159.ppm,890,466,917,505,39
00160.ppm,610,388,653,428,26
00162.ppm,244,430,262,448,18
00162.ppm,713,433,732,452,18
00162.ppm,544,444,562,462,18
00163.ppm,753,473,825,545,39
00165.ppm,382,412,399,431,2
00165.ppm,689,292,745,340,12
00166.ppm,814,382,848,416,2
00167.ppm,369,446,392,469,3
00167.ppm,729,433,750,455,3
00168.ppm,693,419,719,442,19
00169.ppm,1089,153,1212,276,3
00170.ppm,912,322,944,358,5
00171.ppm,882,335,932,385,5
00171.ppm,883,385,932,433,10
00172.ppm,712,471,740,495,26
00172.ppm,718,418,737,437,2
00173.ppm,1111,279,1161,329,2
00174.ppm,718,413,753,444,29
00174.ppm,723,443,747,467,3
00174.ppm,801,302,860,364,13
00175.ppm,893,341,944,396,10
00176.ppm,850,414,875,440,3
00177.ppm,271,416,313,458,15
00177.ppm,746,423,785,462,15
00177.ppm,502,451,519,468,39
00177.ppm,1271,402,1308,437,14
00178.ppm,728,456,748,476,3
00179.ppm,686,421,707,440,13
00180.ppm,968,384,1004,421,3
00181.ppm,793,299,853,359,5
00184.ppm,790,273,850,334,2
00185.ppm,967,150,1076,257,3
00186.ppm,603,455,621,474,5
00186.ppm,325,428,345,448,5
00186.ppm,602,433,625,456,13
00187.ppm,675,405,709,439,3
00187.ppm,161,393,194,428,3
00188.ppm,705,379,752,422,12
00189.ppm,853,339,917,394,19
00190.ppm,670,400,689,421,36
00191.ppm,693,406,728,439,12
00192.ppm,492,414,516,437,18
00192.ppm,314,440,334,461,2
00192.ppm,662,262,738,339,13
00194.ppm,718,306,787,369,29
00195.ppm,1040,155,1161,268,12
00195.ppm,784,398,820,430,19
00196.ppm,726,316,787,370,14
00196.ppm,734,370,778,416,34
00196.ppm,534,471,558,496,39
00197.ppm,867,278,956,361,12
00198.ppm,681,438,699,456,37
00198.ppm,678,412,702,435,15
00199.ppm,826,322,882,374,12
00200.ppm,840,287,915,364,15
00200.ppm,849,364,901,416,35
00200.ppm,648,410,670,433,18
00200.ppm,257,403,281,428,18
00201.ppm,762,352,812,397,14
00202.ppm,657,319,702,365,15
00202.ppm,56,315,104,363,15
00204.ppm,858,151,946,242,2
00204.ppm,730,260,783,316,35
00205.ppm,1202,332,1326,449,26
00206.ppm,61,105,135,178,35
00206.ppm,1159,197,1224,261,34
00206.ppm,827,471,847,493,39
00206.ppm,55,8,164,103,14
00206.ppm,1144,118,1235,196,14
00207.ppm,870,313,942,378,26
00208.ppm,638,239,732,319,19
00209.ppm,1110,287,1170,348,34
00209.ppm,1097,210,1184,287,14
00210.ppm,1017,418,1038,443,36
00210.ppm,1011,385,1043,418,13
00211.ppm,667,410,705,445,12
00212.ppm,293,427,315,450,35
00212.ppm,721,381,749,408,13
00212.ppm,756,402,782,430,34
00214.ppm,1185,130,1295,236,15
00214.ppm,1214,241,1288,312,34
00216.ppm,312,442,337,467,6
00216.ppm,886,446,911,472,6
00217.ppm,971,267,1031,328,2
00219.ppm,1080,270,1155,340,14
00219.ppm,1089,345,1144,401,34
00220.ppm,1127,285,1168,326,2
00222.ppm,985,354,1022,390,2
00223.ppm,816,334,858,374,2
00224.ppm,932,188,1024,278,29
00224.ppm,923,276,977,341,2
00224.ppm,977,263,1042,333,10
00225.ppm,856,268,924,334,2
00226.ppm,1152,224,1220,290,2
00227.ppm,1228,259,1306,329,19
00228.ppm,937,295,998,356,2
00229.ppm,1282,339,1332,383,29
00229.ppm,1273,384,1305,417,2
00229.ppm,1305,382,1341,414,10
00230.ppm,974,398,1002,426,2
00230.ppm,968,426,1007,463,29
00231.ppm,1146,362,1183,399,2
00232.ppm,589,495,617,524,39
00232.ppm,868,379,910,419,14
00232.ppm,297,420,340,459,14
00233.ppm,325,485,358,517,39
00234.ppm,1051,275,1115,338,2
00236.ppm,1081,274,1199,402,15
00237.ppm,822,361,854,393,15
00237.ppm,290,389,323,422,15
00238.ppm,842,400,881,435,19
00238.ppm,849,443,877,471,2
00239.ppm,788,411,814,436,19
00239.ppm,792,439,812,458,2
00239.ppm,827,412,855,441,13
00240.ppm,847,364,879,396,2
00241.ppm,838,400,880,442,3
00242.ppm,848,388,870,413,16
00242.ppm,1195,267,1302,366,14
00243.ppm,843,447,867,470,3
00244.ppm,491,390,530,429,11
00244.ppm,1238,349,1282,394,11
00247.ppm,471,453,492,474,6
00247.ppm,856,448,877,469,6
00248.ppm,204,452,229,479,6
00248.ppm,843,429,870,456,6
00249.ppm,1212,419,1244,452,3
00250.ppm,100,423,168,495,39
00250.ppm,907,446,932,471,3
00251.ppm,116,425,208,520,39
00252.ppm,915,389,960,434,10
00252.ppm,910,326,956,372,2
00253.ppm,1186,134,1301,244,10
00254.ppm,1172,270,1237,336,3
00254.ppm,1264,368,1295,398,24
00255.ppm,183,503,260,581,39
00256.ppm,1105,42,1232,153,19
00258.ppm,745,469,777,501,12
00258.ppm,346,490,381,522,12
00259.ppm,1202,329,1247,374,2
00261.ppm,1150,250,1208,311,36
00262.ppm,894,282,953,341,37
00262.ppm,1042,37,1146,139,13
00263.ppm,646,417,666,437,3
00264.ppm,964,412,988,435,5
00264.ppm,965,435,988,458,10
00264.ppm,509,466,531,488,10
00265.ppm,800,426,831,456,25
00265.ppm,783,446,804,464,19
00265.ppm,805,458,827,480,2
00266.ppm,242,450,293,501,19
00268.ppm,891,396,917,422,3
00269.ppm,966,430,990,454,10
00270.ppm,1238,331,1291,385,42
00270.ppm,243,335,293,386,3
00270.ppm,1237,279,1291,332,3
00271.ppm,259,369,297,408,3
00271.ppm,1090,341,1130,381,3
00272.ppm,1223,315,1297,385,19
00272.ppm,310,398,377,461,19
00274.ppm,975,395,1011,430,1
00275.ppm,1196,342,1237,384,34
00275.ppm,206,410,238,445,34
00276.ppm,798,346,845,388,30
00276.ppm,109,464,153,517,39
00279.ppm,617,484,673,540,39
00280.ppm,1054,392,1083,422,3
00280.ppm,1131,357,1182,408,13
00281.ppm,982,363,1016,393,32
00281.ppm,984,392,1017,425,3
00282.ppm,869,414,901,444,30
00283.ppm,1177,114,1284,219,5
00284.ppm,980,269,1059,347,13
00284.ppm,993,347,1051,404,3
00285.ppm,1091,304,1146,359,15
00286.ppm,1015,360,1044,389,15
00287.ppm,1113,370,1154,411,3
00288.ppm,413,456,436,479,6
00288.ppm,983,438,1006,462,6
00289.ppm,285,401,326,444,7
00289.ppm,1282,379,1326,424,7
00290.ppm,1294,391,1326,428,6
00291.ppm,1129,384,1165,422,4
00293.ppm,28,410,70,456,8
00293.ppm,1143,365,1193,415,8
00294.ppm,101,405,153,453,23
00294.ppm,1173,326,1231,381,23
00296.ppm,460,409,492,442,8
00296.ppm,1237,385,1269,417,8
00297.ppm,1015,444,1042,468,27
00297.ppm,593,443,620,466,27
00298.ppm,1220,168,1327,264,23
00298.ppm,1238,256,1314,331,3
00298.ppm,69,445,107,475,12
00299.ppm,1245,247,1304,306,43
00300.ppm,680,430,710,458,26
00300.ppm,779,420,801,443,3
00301.ppm,1062,260,1131,324,23
00301.ppm,1075,318,1125,368,3
00302.ppm,1123,333,1163,373,43
00303.ppm,1186,385,1215,414,3
00304.ppm,504,385,553,434,36
00305.ppm,765,368,827,422,12
00305.ppm,549,348,597,393,19
00306.ppm,1047,420,1084,455,21
00306.ppm,353,471,389,505,21
00307.ppm,457,474,488,505,18
00307.ppm,795,454,827,487,18
00307.ppm,892,417,934,457,23
00307.ppm,829,453,862,486,39
00309.ppm,180,388,220,431,8
00309.ppm,1159,353,1203,398,8
00310.ppm,285,426,317,459,43
00310.ppm,1150,390,1188,427,43
00312.ppm,122,267,225,379,6
00312.ppm,1226,411,1249,433,23
00312.ppm,677,434,699,453,23
00313.ppm,369,414,424,470,7
00314.ppm,1213,398,1247,434,6
00314.ppm,396,451,429,485,6
00315.ppm,1267,373,1310,419,7
00315.ppm,172,414,213,462,7
00316.ppm,693,413,719,437,21
00316.ppm,696,436,719,458,4
00316.ppm,994,395,1022,420,21
00316.ppm,995,421,1020,445,4
00318.ppm,631,451,657,477,16
00318.ppm,779,481,800,502,39
00319.ppm,1201,403,1248,450,4
00319.ppm,569,436,612,481,4
00320.ppm,175,438,202,466,33
00320.ppm,921,403,951,434,33
00322.ppm,1166,327,1209,370,6
00322.ppm,338,406,381,449,6
00323.ppm,398,437,425,464,11
00323.ppm,854,438,881,466,11
00330.ppm,1050,313,1116,381,3
00333.ppm,116,414,176,477,15
00333.ppm,753,387,808,445,15
00334.ppm,323,452,369,498,16
00334.ppm,760,435,797,472,3
00337.ppm,901,408,932,438,13
00338.ppm,504,397,538,427,27
00338.ppm,505,425,536,453,3
00338.ppm,998,397,1031,426,27
00338.ppm,1000,426,1029,453,3
00339.ppm,627,442,660,476,2
00339.ppm,969,414,1021,463,13
00340.ppm,827,543,851,567,15
00340.ppm,827,521,852,546,34
00340.ppm,827,543,851,567,15
00341.ppm,923,465,997,533,14
00343.ppm,802,531,829,558,16
00343.ppm,483,507,512,536,16
00344.ppm,799,413,879,494,13
00346.ppm,291,541,321,571,6
00346.ppm,883,542,911,570,6
00348.ppm,952,524,990,562,6
00349.ppm,53,455,114,514,11
00349.ppm,1244,465,1312,534,11
00350.ppm,475,543,508,576,11
00350.ppm,1092,542,1125,573,11
00351.ppm,511,533,538,560,6
00352.ppm,969,549,996,576,7
00352.ppm,528,553,555,580,7
00353.ppm,836,554,860,578,11
00353.ppm,456,559,477,581,11
00355.ppm,474,537,507,570,11
00356.ppm,946,520,1004,573,31
00356.ppm,249,499,310,555,31
00357.ppm,1095,524,1130,560,11
00357.ppm,463,528,500,565,11
00359.ppm,879,559,903,583,9
00359.ppm,467,560,492,585,9
00360.ppm,1032,484,1076,528,9
00360.ppm,253,502,296,545,9
00362.ppm,252,470,370,574,31
00363.ppm,407,483,450,526,9
00363.ppm,409,525,453,568,11
00366.ppm,517,530,540,553,9
00366.ppm,518,553,541,576,11
00366.ppm,988,550,1014,573,9
00366.ppm,988,574,1015,597,11
00367.ppm,1028,501,1068,541,9
00367.ppm,1028,542,1071,583,11
00367.ppm,230,488,274,530,9
00367.ppm,235,533,276,573,11
00368.ppm,382,460,431,510,9
00368.ppm,378,509,431,561,11
00369.ppm,521,544,542,564,9
00369.ppm,520,564,543,585,11
00369.ppm,874,532,895,551,9
00369.ppm,875,550,896,571,11
00370.ppm,880,536,904,559,9
00370.ppm,880,558,907,584,11
00370.ppm,440,531,467,554,9
00370.ppm,442,553,468,578,11
00371.ppm,316,521,372,577,6
00372.ppm,974,486,1017,529,5
00373.ppm,164,517,195,548,5
00373.ppm,819,511,853,545,5
00374.ppm,999,527,1031,560,14
00374.ppm,671,563,696,589,13
00375.ppm,1229,521,1255,545,14
00376.ppm,266,487,309,530,7
00376.ppm,989,510,1031,552,7
00377.ppm,1133,504,1172,543,9
00377.ppm,239,490,278,531,9
00377.ppm,1133,543,1172,582,11
00377.ppm,236,532,277,573,11
00378.ppm,23,362,142,480,11
00378.ppm,22,242,145,362,9
00379.ppm,186,458,232,504,9
00379.ppm,1064,488,1112,536,11
00379.ppm,185,503,232,550,11
00379.ppm,1062,442,1109,489,9
00380.ppm,551,559,575,583,11
00380.ppm,953,564,976,587,11
00380.ppm,952,540,975,563,9
00380.ppm,551,535,575,559,9
00382.ppm,445,490,485,530,9
00382.ppm,446,529,485,568,11
00382.ppm,1209,496,1248,535,9
00382.ppm,1211,533,1250,572,11
00383.ppm,527,546,561,575,31
00383.ppm,988,542,1021,571,31
00384.ppm,1199,416,1263,480,9
00384.ppm,1202,479,1267,544,11
00385.ppm,977,529,1016,568,9
00385.ppm,267,531,307,571,9
00386.ppm,555,561,580,586,11
00386.ppm,977,550,1000,573,11
00387.ppm,411,499,477,563,31
00387.ppm,1185,484,1251,547,31
00388.ppm,1274,497,1346,561,14
00390.ppm,455,502,503,550,9
00390.ppm,1219,494,1265,541,9
00391.ppm,1260,502,1304,551,7
00391.ppm,198,508,247,558,7
00392.ppm,358,443,423,512,8
00393.ppm,278,484,373,571,24
00395.ppm,201,519,241,561,7
00395.ppm,903,519,938,555,7
00396.ppm,192,484,238,531,8
00396.ppm,998,468,1046,516,8
00397.ppm,949,559,983,593,11
00397.ppm,947,524,982,559,5
00398.ppm,769,517,796,540,27
00398.ppm,771,538,795,560,5
00398.ppm,772,558,796,582,11
00400.ppm,1236,480,1290,528,27
00401.ppm,420,496,461,537,5
00401.ppm,1122,497,1163,538,5
00402.ppm,1094,500,1132,538,43
00403.ppm,568,563,591,587,43
00403.ppm,940,558,966,584,43
00403.ppm,568,540,592,564,5
00403.ppm,939,532,965,559,5
00404.ppm,335,415,396,476,5
00404.ppm,1255,415,1312,472,5
00405.ppm,1255,470,1309,525,5
00405.ppm,355,444,411,499,5
00405.ppm,1249,397,1317,470,13
00406.ppm,520,554,551,581,19
00406.ppm,852,544,879,570,19
00406.ppm,1046,503,1097,551,31
00406.ppm,284,514,333,559,31
00408.ppm,128,463,212,539,19
00408.ppm,1132,479,1210,549,19
00410.ppm,367,615,423,671,39
00411.ppm,185,602,238,662,39
00411.ppm,110,557,139,588,18
00411.ppm,496,552,529,587,18
00412.ppm,1002,499,1047,545,8
00413.ppm,1038,480,1084,529,4
00414.ppm,1032,421,1078,468,4
00415.ppm,827,549,849,571,10
00416.ppm,813,505,851,543,4
00417.ppm,29,448,129,539,19
00418.ppm,455,537,488,566,23
00418.ppm,460,563,482,585,9
00419.ppm,979,489,1025,537,8
00420.ppm,828,542,851,565,4
00420.ppm,361,548,383,570,4
00421.ppm,946,554,976,581,14
00422.ppm,599,567,624,591,24
00423.ppm,365,469,451,547,26
00423.ppm,1151,445,1245,533,26
00425.ppm,302,503,342,543,6
00425.ppm,900,500,941,541,6
00425.ppm,302,543,342,583,11
00425.ppm,903,541,944,582,11
00426.ppm,1077,391,1197,502,26
00427.ppm,294,383,388,479,6
00428.ppm,325,548,353,576,8
00428.ppm,937,543,966,572,8
00430.ppm,929,414,1008,488,14
00431.ppm,275,527,314,564,9
00431.ppm,1141,496,1179,536,9
00432.ppm,237,560,263,586,9
00432.ppm,942,512,970,540,9
00433.ppm,510,529,566,583,26
00434.ppm,167,194,257,286,6
00435.ppm,834,535,862,564,10
00436.ppm,794,531,816,553,6
00438.ppm,533,559,554,580,42
00438.ppm,841,556,862,577,42
00439.ppm,1194,504,1251,564,9
00440.ppm,1243,492,1324,562,24
00441.ppm,1063,531,1112,580,9
00443.ppm,817,550,847,578,19
00443.ppm,823,579,843,598,9
00443.ppm,470,551,502,578,19
00443.ppm,477,578,497,596,9
00444.ppm,379,528,427,573,21
00444.ppm,964,531,1009,573,21
00444.ppm,389,569,419,600,8
00444.ppm,972,572,1001,601,8
00445.ppm,1021,498,1066,544,6
00445.ppm,213,519,254,561,6
00446.ppm,401,507,441,544,18
00446.ppm,767,497,803,530,18
00446.ppm,774,568,807,601,39
00447.ppm,1182,418,1268,495,14
00448.ppm,581,598,602,620,39
00449.ppm,212,468,254,507,14
00449.ppm,812,448,853,486,14
00450.ppm,1104,359,1181,429,12
00451.ppm,790,558,819,585,12
00452.ppm,876,543,914,578,26
00453.ppm,1215,332,1302,407,29
00453.ppm,895,497,922,524,12
00453.ppm,224,407,279,457,29
00455.ppm,1094,362,1184,442,12
00456.ppm,421,414,476,470,4
00457.ppm,1243,418,1301,475,3
00457.ppm,517,466,554,504,3
00458.ppm,989,493,1018,525,13
00459.ppm,877,515,912,548,26
00459.ppm,884,548,909,573,2
00460.ppm,829,456,859,484,13
00460.ppm,831,481,862,512,34
00461.ppm,1231,264,1302,331,13
00463.ppm,555,628,585,659,39
00465.ppm,1241,315,1331,395,14
00466.ppm,1215,399,1267,443,14
00466.ppm,514,468,548,497,14
00466.ppm,1226,440,1263,475,36
00466.ppm,519,494,543,518,35
00467.ppm,1132,501,1168,537,4
00468.ppm,1128,506,1165,544,4
00470.ppm,823,489,847,513,2
00470.ppm,904,514,938,549,14
00470.ppm,1135,218,1248,331,13
00471.ppm,789,491,817,520,13
00472.ppm,880,500,925,544,13
00473.ppm,507,532,540,565,11
00473.ppm,1152,506,1184,538,11
00474.ppm,1242,549,1274,581,8
00474.ppm,514,569,545,600,8
00475.ppm,1233,468,1310,543,8
00476.ppm,163,518,199,555,8
00476.ppm,1152,523,1187,558,8
00477.ppm,298,506,338,546,6
00478.ppm,921,470,963,512,6
00478.ppm,218,483,258,523,6
00479.ppm,982,498,1025,539,14
00479.ppm,990,539,1020,569,41
00480.ppm,1055,444,1103,492,3
00481.ppm,908,502,944,535,19
00482.ppm,732,526,768,564,13
00482.ppm,260,528,296,570,18
00482.ppm,283,564,303,590,18
00482.ppm,1055,566,1071,587,14
00483.ppm,150,510,203,563,8
00483.ppm,1182,531,1232,583,8
00484.ppm,339,509,372,542,17
00484.ppm,1002,529,1035,563,17
00486.ppm,410,519,465,574,8
00487.ppm,625,606,644,625,39
00488.ppm,494,611,516,633,39
00490.ppm,842,516,870,539,14
00490.ppm,644,596,668,620,39
00490.ppm,847,536,867,556,41
00491.ppm,430,568,488,637,39
00492.ppm,893,528,923,557,12
00493.ppm,910,450,966,501,19
00494.ppm,1113,300,1211,395,2
00496.ppm,511,494,552,536,9
00496.ppm,509,535,550,576,11
00497.ppm,392,611,425,651,39
00498.ppm,249,586,298,634,39
00498.ppm,248,482,292,526,18
00499.ppm,1009,497,1056,539,14
00500.ppm,952,499,1000,546,6
00501.ppm,943,557,962,577,5
00501.ppm,610,558,628,577,5
00501.ppm,120,282,227,386,18
00501.ppm,107,637,216,748,39
00502.ppm,57,556,85,584,18
00502.ppm,579,555,606,582,18
00502.ppm,558,577,592,611,39
00503.ppm,354,579,423,650,39
00504.ppm,379,595,410,627,39
00505.ppm,1052,480,1092,521,13
00507.ppm,878,473,933,524,12
00507.ppm,657,587,673,605,39
00508.ppm,865,495,908,534,12
00509.ppm,833,487,877,527,12
00512.ppm,230,486,270,522,6
00512.ppm,1139,490,1179,530,6
00513.ppm,142,501,197,556,8
00514.ppm,381,511,418,548,11
00514.ppm,1168,491,1206,530,11
00515.ppm,257,361,333,435,4
00517.ppm,271,422,345,496,11
00518.ppm,451,526,499,574,8
00519.ppm,454,531,507,584,8
00520.ppm,380,507,436,565,11
00521.ppm,377,574,405,604,8
00521.ppm,946,565,976,595,8
00523.ppm,1285,512,1330,555,11
00523.ppm,455,515,502,562,11
00524.ppm,187,530,241,584,8
00524.ppm,1219,528,1271,580,8
00527.ppm,874,426,904,456,11
00527.ppm,359,420,389,450,11
00528.ppm,985,339,1026,380,8
00528.ppm,166,415,205,455,8
00530.ppm,425,401,460,435,11
00530.ppm,1010,401,1043,434,11
00531.ppm,484,443,504,463,11
00531.ppm,909,431,931,453,11
00536.ppm,27,428,57,458,18
00536.ppm,327,452,353,478,18
00536.ppm,724,479,740,495,39
00542.ppm,842,440,866,464,13
00544.ppm,1054,297,1122,358,12
00544.ppm,990,425,1028,459,26
00544.ppm,744,438,762,458,2
00548.ppm,775,432,811,468,15
00548.ppm,782,469,807,494,37
00551.ppm,937,465,966,493,17
00552.ppm,537,512,554,529,9
00552.ppm,538,528,554,544,11
00552.ppm,814,508,832,526,9
00552.ppm,815,525,831,541,11
00554.ppm,947,472,984,507,19
00556.ppm,1195,499,1253,557,39
00557.ppm,273,462,317,502,24
00557.ppm,458,461,506,508,14
00560.ppm,1039,173,1099,233,4
00564.ppm,755,368,799,408,12
00565.ppm,731,336,764,370,13
00566.ppm,655,395,689,429,10
00566.ppm,124,419,156,451,10
00566.ppm,461,489,481,508,39
00570.ppm,881,416,914,449,10
00575.ppm,403,474,435,506,39
00593.ppm,584,510,608,534,39
00599.ppm,700,454,722,476,10
00601.ppm,82,450,145,508,8
00602.ppm,1268,555,1299,586,9
00602.ppm,443,543,474,574,9
00603.ppm,361,445,417,500,11
00604.ppm,365,482,437,546,31
00605.ppm,167,511,206,550,5
00605.ppm,846,501,881,535,5
00606.ppm,853,501,887,535,43
00607.ppm,888,472,950,526,25
00608.ppm,948,370,1001,420,13
00609.ppm,809,507,841,539,5
00609.ppm,310,512,343,546,5
00610.ppm,912,525,939,553,13
00610.ppm,917,553,938,574,5
00611.ppm,839,488,872,521,5
00611.ppm,840,520,873,552,11
00612.ppm,127,521,218,612,39
00612.ppm,170,374,246,451,18
00613.ppm,1132,561,1169,598,6
00613.ppm,478,546,513,581,6
00615.ppm,881,530,926,572,19
00615.ppm,890,572,918,600,9
00615.ppm,375,531,421,574,19
00615.ppm,386,571,413,600,9
00616.ppm,437,558,463,584,33
00616.ppm,876,541,904,569,33
00619.ppm,841,415,880,450,14
00620.ppm,863,425,892,454,10
00621.ppm,782,443,808,469,5
00622.ppm,814,424,860,465,23
00623.ppm,974,374,1034,434,5
00624.ppm,387,505,434,554,39
00624.ppm,821,464,845,488,3
00625.ppm,1037,377,1102,443,3
00626.ppm,857,404,895,442,3
00626.ppm,857,444,893,480,10
00630.ppm,1219,315,1285,385,5
00631.ppm,799,478,834,512,5
00631.ppm,794,434,839,479,13
00632.ppm,101,379,147,424,2
00633.ppm,290,501,360,582,39
00634.ppm,525,371,570,416,3
00635.ppm,826,423,864,461,10
00637.ppm,868,401,916,445,12
00638.ppm,914,374,953,414,2
00639.ppm,289,504,337,553,39
00640.ppm,1105,353,1176,424,5
00640.ppm,1089,257,1187,355,13
00641.ppm,26,425,68,467,18
00642.ppm,860,327,934,401,13
00642.ppm,434,496,457,518,39
00644.ppm,76,514,130,571,39
00645.ppm,1034,311,1090,367,2
00646.ppm,1059,440,1090,469,14
00646.ppm,560,434,590,460,14
00648.ppm,346,378,414,439,26
00649.ppm,819,304,866,350,13
00650.ppm,1123,281,1193,350,13
00650.ppm,487,515,508,537,39
00651.ppm,788,339,861,405,26
00651.ppm,800,404,851,456,2
00653.ppm,786,418,808,441,36
00653.ppm,780,380,811,411,13
00654.ppm,1241,301,1297,360,13
00655.ppm,935,322,984,370,13
00655.ppm,544,520,564,540,39
00656.ppm,574,465,599,490,16
00657.ppm,991,400,1026,435,17
00658.ppm,858,340,937,410,24
00659.ppm,993,430,1033,470,3
00660.ppm,943,422,979,458,10
00661.ppm,1138,401,1169,430,3
00662.ppm,948,440,993,481,23
00663.ppm,830,307,896,367,14
00664.ppm,842,393,886,438,13
00664.ppm,849,437,880,468,5
00665.ppm,693,413,742,455,24
00665.ppm,557,471,579,493,5
00667.ppm,737,444,764,471,5
00668.ppm,1083,254,1172,340,3
00668.ppm,1070,139,1187,254,13
00669.ppm,899,393,949,444,5
00670.ppm,997,306,1064,373,5
00671.ppm,839,348,892,394,27
00671.ppm,846,393,883,430,3
00672.ppm,892,325,950,376,14
00672.ppm,123,265,194,328,14
00673.ppm,414,406,474,459,12
00674.ppm,717,371,751,405,2
00675.ppm,641,503,676,538,39
00675.ppm,1008,388,1043,422,14
00675.ppm,1012,421,1037,447,41
00678.ppm,698,403,742,445,14
00679.ppm,720,409,759,450,34
00679.ppm,705,343,768,406,15
00680.ppm,900,394,953,448,2
00680.ppm,367,439,395,467,36
00681.ppm,820,434,846,460,2
00682.ppm,278,426,319,467,36
00682.ppm,885,421,930,466,36
00682.ppm,261,486,290,515,39
00683.ppm,387,455,409,477,11
00683.ppm,889,450,913,475,11
00686.ppm,377,437,412,474,6
00688.ppm,850,410,886,446,15
00688.ppm,401,428,434,461,15
00689.ppm,590,488,621,516,26
00689.ppm,890,485,922,514,26
00690.ppm,775,506,799,529,5
00691.ppm,885,492,907,514,5
00691.ppm,469,490,490,512,5
00692.ppm,1050,357,1091,397,16
00693.ppm,984,383,1024,423,4
00694.ppm,808,411,841,443,13
00695.ppm,793,386,824,417,13
00696.ppm,717,446,737,466,10
00697.ppm,944,322,1020,389,26
00698.ppm,737,413,765,442,2
00699.ppm,727,413,756,443,2
00700.ppm,848,348,913,406,14
00701.ppm,1042,396,1088,442,3
00701.ppm,1032,333,1096,396,13
00702.ppm,688,446,707,468,13
00703.ppm,994,311,1051,363,29
00703.ppm,1001,360,1042,401,2
00704.ppm,766,411,793,438,3
00705.ppm,955,343,991,378,2
00706.ppm,866,371,899,402,2
00707.ppm,907,383,943,419,5
00710.ppm,1084,201,1164,283,3
00712.ppm,932,361,984,413,10
00714.ppm,784,313,828,357,2
00715.ppm,285,346,351,412,39
00716.ppm,820,335,869,386,5
00716.ppm,814,266,882,335,13
00717.ppm,835,435,859,459,5
00719.ppm,933,390,969,427,3
00720.ppm,737,429,756,448,3
00721.ppm,901,354,935,385,14
00722.ppm,104,364,164,418,24
00722.ppm,992,330,1049,381,24
00723.ppm,746,360,800,408,24
00723.ppm,180,366,236,414,24
00723.ppm,696,424,717,446,5
00725.ppm,552,599,573,621,40
00728.ppm,498,563,532,596,26
00729.ppm,536,489,570,523,4
00730.ppm,466,443,512,490,4
00730.ppm,1053,517,1083,547,4
00732.ppm,966,528,992,554,13
00733.ppm,442,583,490,632,39
00733.ppm,508,426,543,462,5
00733.ppm,937,523,965,551,5
00734.ppm,1090,450,1166,528,4
00736.ppm,828,550,856,577,26
00737.ppm,603,444,638,476,14
00737.ppm,470,449,507,483,14
00740.ppm,1163,510,1213,560,6
00740.ppm,489,513,534,558,6
00740.ppm,1071,554,1094,577,14
00741.ppm,438,558,465,585,11
00741.ppm,972,555,1000,583,11
00742.ppm,334,562,368,596,8
00742.ppm,960,554,995,587,8
00744.ppm,1155,536,1183,564,14
00746.ppm,1135,492,1181,537,9
00746.ppm,235,469,281,515,9
00746.ppm,236,515,280,561,11
00746.ppm,1138,537,1182,579,11
00747.ppm,298,489,345,538,7
00747.ppm,1148,506,1196,553,7
00749.ppm,301,551,346,596,6
00749.ppm,1153,546,1200,593,6
00751.ppm,725,568,755,596,14
00752.ppm,934,448,979,494,2
00755.ppm,1084,294,1208,418,13
00755.ppm,852,518,883,549,2
00755.ppm,563,595,593,625,39
00756.ppm,881,524,931,574,13
00758.ppm,982,521,1014,553,9
00758.ppm,374,515,406,547,9
00758.ppm,376,548,407,579,11
00758.ppm,982,553,1015,586,11
00760.ppm,591,538,616,563,9
00760.ppm,591,563,616,587,11
00760.ppm,1023,542,1049,569,9
00760.ppm,1024,568,1048,592,11
00762.ppm,334,378,401,438,14
00762.ppm,1154,405,1218,465,14
00763.ppm,865,514,904,547,12
00764.ppm,814,511,851,547,12
00766.ppm,256,495,289,533,16
00770.ppm,1059,503,1095,539,42
00770.ppm,468,535,497,564,18
00770.ppm,526,578,555,607,39
00771.ppm,836,437,870,468,19
00771.ppm,867,478,917,523,14
00771.ppm,153,536,204,583,14
00772.ppm,842,553,864,573,19
00773.ppm,879,514,903,538,2
00773.ppm,1048,430,1094,476,13
00774.ppm,929,516,961,548,2
00775.ppm,884,483,930,529,2
00776.ppm,861,505,893,537,2
00776.ppm,1076,315,1188,427,13
00776.ppm,646,604,667,625,39
00777.ppm,834,526,858,550,2
00777.ppm,916,404,981,469,13
00778.ppm,989,554,1033,599,40
00780.ppm,365,468,466,558,26
00780.ppm,1165,572,1227,636,4
00780.ppm,1142,487,1237,575,26
00780.ppm,380,557,444,621,4
00782.ppm,1007,455,1052,497,14
00782.ppm,225,454,279,502,14
00783.ppm,276,568,319,614,39
00784.ppm,31,576,152,701,39
00785.ppm,510,435,542,467,35
00785.ppm,1003,469,1035,501,35
00785.ppm,504,397,548,435,14
00785.ppm,996,428,1040,470,14
00787.ppm,1003,422,1090,497,12
00787.ppm,377,595,393,613,19
00788.ppm,959,501,1042,586,19
00789.ppm,759,516,787,545,15
00791.ppm,906,469,961,519,31
00791.ppm,985,412,1062,489,5
00794.ppm,1032,518,1062,551,13
00795.ppm,168,612,216,663,39
00797.ppm,832,456,866,489,38
00797.ppm,396,494,423,522,35
00797.ppm,391,466,428,500,14
00797.ppm,822,417,868,457,14
00798.ppm,786,545,806,565,3
00798.ppm,1090,445,1162,509,14
00805.ppm,870,369,914,412,29
00807.ppm,823,370,867,408,12
00809.ppm,689,359,720,392,15
00811.ppm,702,356,737,389,12
00816.ppm,954,363,1006,410,19
00817.ppm,707,407,751,447,12
00820.ppm,1057,254,1169,356,12
00821.ppm,859,444,882,466,6
00821.ppm,333,442,356,466,6
00822.ppm,785,407,818,436,12
00825.ppm,1083,378,1108,404,2
00828.ppm,860,384,932,450,19
00833.ppm,776,332,822,378,2
00834.ppm,1130,264,1187,325,2
00842.ppm,1025,227,1086,288,15
00844.ppm,977,332,1013,370,13
00849.ppm,398,359,441,412,15
00849.ppm,400,412,435,447,34
00859.ppm,892,386,931,423,29
00863.ppm,420,413,455,448,43
00863.ppm,1222,378,1257,414,43
00864.ppm,910,443,931,462,23
00867.ppm,119,424,180,482,27
00867.ppm,1101,389,1171,452,27
00868.ppm,590,470,610,488,27
00868.ppm,876,450,896,469,27
00869.ppm,60,405,129,475,27
00869.ppm,1233,317,1310,391,27
00871.ppm,375,407,411,443,6
00871.ppm,1273,381,1313,421,6
00879.ppm,301,535,341,575,33
00879.ppm,988,506,1029,547,33
00882.ppm,244,546,317,617,6
00893.ppm,821,482,849,510,13
00894.ppm,389,527,417,555,5
00894.ppm,1093,529,1132,568,5
00894.ppm,1085,478,1134,527,13
00895.ppm,193,482,238,527,5
00895.ppm,966,418,1014,466,5
00898.ppm,323,504,355,536,5
00898.ppm,817,510,849,542,5
